ID;FECHA;TORNEO;MODALIDAD
1775251393;4/4/2026;RODRIGUEZ CAMPOS INMOBILIARIA;Medal
205933359;2/4/2026;RODRIGUEZ CAMPOS INMOBILIARIA;Medal
1774563777;28/3/2026;VETERANOS OK - 28/03/26;Four Ball Americana
1774144206;24/3/2026;MANNER - 24/03/26;Medal
1315509700;21/3/2026;MANNER - 21/03/26;Medal
305523102;20/3/2026;JUNIOR HOYO 10 - 20/03/26;Medal 9 Hoyos- Medal 9 Hoyos
1773939927;19/3/2026;JUEVES - 19/03/26;Medal
257633252;15/3/2026;JUNIOR HOYO 1;Medal 9 Hoyos- Medal 9 Hoyos
1564099469;15/3/2026;JUNIOR HOYO 10 - 15/03/26;Medal 9 Hoyos- Medal 9 Hoyos
1910839609;12/3/2026;JUEVES - 12/03/26;Medal
1773251496;11/3/2026;MIERCOLES - 11/03/26;Medal
1773165815;10/3/2026;MARTES - 10/03/26;Medal
1773420173;8/3/2026;ULTIMOS 18 HOYOS / CONCOR TEX;Medal
1772754586;7/3/2026;APERTURA / CONCOR TEX - 07/03/26;Medal
1772729358;5/3/2026;JUEVES - 05/03/26;Medal
2103642459;28/2/2026;3° FECHA SURCAR / BELLO EXPORT;Medal
1213148236;26/2/2026;JUEVES - 26/02/26;Medal
1772055900;25/2/2026;MIERCOLES - 25/02/26;Medal
2028354899;21/2/2026;2° FECHA SURCAR / BELLO SPORT;Medal
1677902534;18/2/2026;MIERCOLES - 18/02/26;Medal
999725653;17/2/2026;CARNAVAL / 2° FECHA;Medal
1771110459;16/2/2026;CARNAVAL - 16/02/26;Medal
499958798;14/2/2026;1° FECHA SURCAR / BELLO SPORT;Medal
1771004196;13/2/2026;VIERNES - 13/02/26;Medal
743328744;11/2/2026;MIERCOLES - 11/02/26;Medal
1192894610;10/2/2026;MARTES - 10/02/26;Medal
1020069011;7/2/2026;58° FESTIVAL DE PEÑAS;Medal
1770312162;5/2/2026;JUEVES - 05/02/26;Medal
238808736;4/2/2026;MIERCOLES - 04/02/26;Medal
832297570;3/2/2026;MARTES - 03/02/26;Medal
1986765651;31/1/2026;3° FECHA RECORRIDO PEÑERO;Medal
1769979070;29/1/2026;JUEVES - 29/01/26;Medal
1242244265;25/1/2026;JOAQUIN GOLF;Medal
2123922823;24/1/2026;2° FECHA RECORRIDO PEÑERO;Medal
1768592304;17/1/2026;RECORRIDO PEÑERO;Medal
1272557024;11/1/2026;DOMINGO - 11/01/26;Medal
2104196010;10/1/2026;BINCENTENARIO V.N;Medal
1767893125;8/1/2026;JUEVES - 08/01/26;Medal
1493648760;3/1/2026;BICENTENARIO VILLA NUEVA 1826 / 2026;Medal
1767381815;2/1/2026;VIERNES - 02/01/26;Medal
634010123;30/12/2025;MARTES - 30/12/25;Medal
1766595920;27/12/2025;PEDROLGA/CERTUS;Medal
779008219;20/12/2025;365 SEGURIDAD;Medal
1765499551;13/12/2025;MANAGRO - 13/12/25;Medal
1765076204;8/12/2025;CAPITAN / PRESIDENTE - 08/12/25;Medal
2026397287;6/12/2025;WORKIA;Medal
1591279352;29/11/2025;CAMPEONATO INDIVIDUAL DEL CLUB;Medal
1764283436;29/11/2025;CAMPEONATO SCRATCH / NEGRAS;Medal
1506595773;29/11/2025;VENERANDA - 29/11/25;Medal
1764261342;27/11/2025;JUEVES - 27/11/25;Medal
1764104970;25/11/2025;MARTES - 25/11/25;Medal
1763865654;24/11/2025;MC GOLF - 24/11/25;Medal
1535052755;22/11/2025;MC GOLF - 22/11/25;Medal
770013201;21/11/2025;VIERNES - 21/11/25;Medal
1763656384;20/11/2025;JUEVES - 20/11/25;Medal
1913964525;19/11/2025;MIERCOLES - 19/11/25;Medal
1763487743;18/11/2025;MARTES - 18/11/25;Medal
1633638682;15/11/2025;LE PARC - 15/11/25;Medal
1763055106;13/11/2025;JUEVES - 13/11/25;Medal
597178984;12/11/2025;MIERCOLES - 12/11/25;Medal
1762881215;11/11/2025;MARTES - 11/11/25;Medal
1319307749;8/11/2025;BIRDIE OPEN - 08/11/25;Medal
1761938827;31/10/2025;VIERNES - 31/10/25;Medal
815911601;25/10/2025;CARDON - 25/10/25;Medal
132006011;18/10/2025;BANCO GALICIA - 18/10/25;Medal
2144902777;11/10/2025;VITNIK - 11/10/25;Medal
1574461183;10/10/2025;VITNIK - 10/10/25;Medal
1759533959;4/10/2025;SITIO INMOBILIARIA;Medal
1869103120;28/9/2025;ULTIMOS 18 HOYOS;Medal
1915407371;27/9/2025;45 ° DE LAS BOLSAS;Medal
1758727230;24/9/2025;MIERCOLES - 24/09/25;Medal
42926990;20/9/2025;LA BOMBA;Medal
976485845;19/9/2025;VIERNES - 19/09/25;Medal
535976882;18/9/2025;JUEVES - 18/09/25;Medal
1758134890;17/9/2025;MIERCOLES - 17/09/25;Medal
1885814559;16/9/2025;MARTES - 16/09/25;Medal
589211714;13/9/2025;BARRA DE LOS MIERCOLES - 13/09/25;Medal
993891705;6/9/2025;HOWARD JHONSON - 06/09/25;Medal
1757008082;4/9/2025;JUEVES - 04/09/25;Medal
1037052543;3/9/2025;MIERCOLES - 03/09/25;Medal
1756834043;2/9/2025;MARTES - 02/09/25;Medal
2015099903;29/8/2025;VIERNES - 29/08/25;Medal
1756756332;28/8/2025;JUEVES - 28/08/25;Medal
711283657;24/8/2025;DOMINGO - 24/08/25;Medal
1356772600;23/8/2025;LORES DEL GOLF - 23/08/25;Medal
1879570159;22/8/2025;VIERNES - 22/08/25;Medal
1755485465;21/8/2025;JUEVES - 21/08/25;Medal
1755716363;20/8/2025;MIERCOLES - 20/08/25;Medal
210552659;16/8/2025;DEL LIBERTADOR - 16/08/25;Medal
1755021715;12/8/2025;MARTES - 12/08/25;Medal
-153205733;9/8/2025;LUCAS GOLF - 09/08/25;Four Ball Americana
769621588;2/8/2025;CIUDAD DE VILLA NUEVA - 02/08/25;Medal
1753460794;26/7/2025;AMG SEGURIDAD - 26/07/25;Medal
307132758;19/7/2025;AMG SEGURIDAD - 19/07/25;Medal
1118845566;16/7/2025;MIERCOLES - 16/07/25;Medal
1909798655;15/7/2025;MARTES - 15/07/25;Medal
89836651;12/7/2025;AMG SEGURIDAD - 12/07/25;Medal
902992483;9/7/2025;DIA DE LA INDEPENDENCIA;Medal
2089721328;5/7/2025;AMG SEGURIDAD - 05/07/25;Medal
1751653355;4/7/2025;VIERNES - 04/07/25;Medal
1751574040;3/7/2025;JUEVES - 03/07/25;Medal
1751483433;2/7/2025;MIERCOLES - 02/07/25;Medal
558587746;28/6/2025;RODRIGUEZ CAMPOS;Medal
1648780539;16/6/2025;BIALYSTOK - 16/06/25;Medal
1515656247;14/6/2025;BIALYSTOK XL;Medal
2108726770;7/6/2025;BIALYSTOK - 07/06/25;Medal
1964936572;31/5/2025;SARMIENTO MATERIALES - 31/05/25;Medal
1748201151;25/5/2025;DOMINGO - 25/05/25;Medal
1316921875;24/5/2025;BALCONES DEL GOLF;Medal
509144260;17/5/2025;S.G.J.MALDONADO;Medal
1747411494;16/5/2025;VIERNES - 16/05/25;Medal
2009948904;15/5/2025;JUEVES - 15/05/25;Medal
1747240995;14/5/2025;MIERCOLES - 14/05/25;Medal
1747159549;13/5/2025;MARTES - 13/05/25;Medal
1746981958;11/5/2025;DOMINGO - 11/05/25;Medal
1763403455;10/5/2025;MUNICIPALIDAD DE VILLA MARIA;Medal
352593916;6/5/2025;MARTES - 06/05/25;Medal
54590711;3/5/2025;SURCAR - 03/05/25;Medal
1736465900;2/5/2025;VIERNES - 02/05/25;Medal
536643582;1/5/2025;SURCAR - 01/05/25;Medal
694929497;30/4/2025;MIERCOLES - 30/04/25;Medal
1745952138;29/4/2025;MARTES - 29/04/25;Medal
1946068694;26/4/2025;SURCAR - 26/04/25;Medal
999296431;24/4/2025;JUEVES - 24/04/25;Medal
1745436078;23/4/2025;MIERCOLES - 23/04/25;Medal
1745508317;23/4/2025;9 HOYOS;Medal
1745349511;22/4/2025;MARTES - 22/04/25;Medal
87455791;20/4/2025;DOMINGO - 20/04/25;Medal
776795990;19/4/2025;DE PASCUAS - 19/04/25;Medal
1744918403;18/4/2025;DE PASCUAS - 18/04/25;Medal
206696947;12/4/2025;SURCAR - 12/04/25;Medal
1744386492;11/4/2025;VIERNES - 11/04/25;Medal
1585859317;6/4/2025;DOMINGO - 06/04/25;Medal
1875523642;5/4/2025;LONDON INDUMENTARIA - 05/04/25;Medal
1743701159;3/4/2025;JUEVES - 03/04/25;Medal
1118897397;2/4/2025;MALVINAS - 02/04/25;Medal
2051493656;1/4/2025;MARTES - 01/04/25;Medal
1743180016;29/3/2025;VETERANOS OK - 29/03/25;Four Ball Americana
1743539639;27/3/2025;JUEVES - 27/03/25;Medal
1259153834;22/3/2025;OTOÑO - 22/03/25;Medal
1742582217;21/3/2025;VIERNES - 21/03/25;Medal
1795021115;20/3/2025;JUEVES - 20/03/25;Medal
1742403198;19/3/2025;MIERCOLES - 19/03/25;Medal
1742326741;18/3/2025;MARTES - 18/03/25;Medal
1741977045;15/3/2025;ULTIMOS 18 H / CONCOR TEX;Medal
1741479260;14/3/2025;APERTURA / CONCOR TEX - 14/03/25;Medal
1741984212;14/3/2025;VIERNES - 14/03/25;Medal
862601627;13/3/2025;JUEVES - 13/03/25;Medal
1741808372;12/3/2025;MIERCOLES - 12/03/25;Medal
1741725495;11/3/2025;MARTES - 11/03/25;Medal
1741540290;9/3/2025;DOMINGO - 09/03/25;Medal
1278619863;5/3/2025;MIERCOLES - 05/03/25;Medal
817114667;1/3/2025;CARNAVAL - 01/03/25;Medal
683855169;23/2/2025;DOMINGO - 23/02/25;Medal
841544100;22/2/2025;CARNAVAL - 22/02/25;Medal
2028788679;15/2/2025;CARNAVAL - 15/02/25;Medal
2105683944;14/2/2025;VIERNES - 14/02/25;Medal
1739120220;9/2/2025;DOMINGO - 09/02/25;Medal
22586715;8/2/2025;57° FESTIVAL DE PEÑAS;Medal
314714463;7/2/2025;VIERNES - 07/02/25;Medal
1476412705;5/2/2025;MIERCOLES - 05/02/25 - 01;Medal
1738789213;5/2/2025;MIERCOLES - 05/02/25 - 02;Medal
1738514308;2/2/2025;DOMINGO - 02/02/25;Medal
685035423;1/2/2025;CIRCUITO PEÑERO - 01/02/25;Medal
350321096;30/1/2025;JUEVES - 30/01/25;Medal
521441430;29/1/2025;MIERCOLES - 29/01/25;Medal
1738086111;28/1/2025;MARTES - 28/01/25;Medal
504918560;25/1/2025;CIRCUITO PEÑERO - 25/01/25;Medal
1552928391;24/1/2025;VIERNES - 24/01/25;Medal
823873890;23/1/2025;JUEVES - 23/01/25;Medal
1936441182;22/1/2025;MIERCOLES - 22/01/25;Medal
1366660092;21/1/2025;MARTES - 21/01/25;Medal
74930080;19/1/2025;DOMINGO - 19/01/25;Medal
1699936187;18/1/2025;CIRCUITO PEÑERO - 18/01/25;Medal
1579504866;11/1/2025;CIRCUITO PEÑERO - 11/01/25;Medal
3338995;10/1/2025;VIERNES - 10/01/25;Medal
1417786610;9/1/2025;JUEVES - 09/01/25;Medal
1751536151;8/1/2025;MIERCOLES - 08/01/25;Medal
1310609829;7/1/2025;MARTES - 07/01/25;Medal
1736093969;5/1/2025;DOMINGO - 05/01/25;Medal
877613310;4/1/2025;AÑO NUEVO - 04/01/25;Medal
1234937111;28/12/2024;PEDROLGA;Medal
759789150;27/12/2024;VIERNES - 27/12/24;Medal
1735056707;24/12/2024;MARTES - 24/12/24;Medal
472122370;22/12/2024;DOMINGO - 22/12/24;Medal
1585422323;21/12/2024;TARRES INMOBILIARIA;Medal
1734557727;18/12/2024;MIERCOLES - 18/12/24;Medal
1734109962;14/12/2024;CAPITAN / PRESIDENTE - 14/12/24;Medal
275063778;13/12/2024;VIERNES - 13/12/24;Medal
1734041195;12/12/2024;JUEVES - 12/12/24;Medal
1153133174;11/12/2024;MIERCOLES - 11/12/24;Medal
1733854232;10/12/2024;MARTES - 10/12/24;Medal
441162391;7/12/2024;VENERANDA - 07/12/24;Medal
1438024712;6/12/2024;VIERNES - 06/12/24;Medal
1807638910;5/12/2024;JUEVES - 05/12/24;Medal
626559999;4/12/2024;MIERCOLES - 04/12/24;Medal
1733251498;3/12/2024;MARTES - 03/12/24;Medal
76065486;30/11/2024;CARDON - 30/11/24;Medal
69037700;27/11/2024;MIERCOLES - 27/11/24;Medal
1732646222;26/11/2024;MARTES - 26/11/24;Medal
206966039;23/11/2024;SCAUSO S.R.L - 23/11/24;Medal
1732050981;19/11/2024;MARTES - 19/11/24;Medal
1731958414;18/11/2024;LUNES - 18/11/24;Medal
10725189;16/11/2024;SCAUSO S.R.L / CLASIFICACION;Medal
1731617806;14/11/2024;JUEVES - 14/11/24;Medal
1527013751;13/11/2024;MIERCOLES - 13/11/24;Medal
1731436587;12/11/2024;MARTES - 12/11/24;Medal
1731261633;10/11/2024;DOMINGO - 10/11/24;Medal
1578140878;9/11/2024;2° BIRDIE OPEN;Medal
793322207;7/11/2024;JUEVES - 07/11/24;Medal
1730834545;5/11/2024;MARTES - 05/11/24;Medal
1730478038;2/11/2024;CINDY - 02/11/24;Medal
3500714;31/10/2024;JUEVES - 31/10/24;Medal
849000586;30/10/2024;MIERCOLES - 30/10/24;Medal
1730219946;29/10/2024;MARTES - 29/10/24;Medal
1729979721;27/10/2024;CLASIFICATORIO SENIOR;Medal
529218669;26/10/2024;LEGACY - 26/10/24;Medal
1729875738;25/10/2024;VIERNES - 25/10/24;Medal
528752879;19/10/2024;LE PARC - 19/10/24;Medal
440620368;18/10/2024;VIERNES - 18/10/24;Medal
1729193780;17/10/2024;JUEVES - 17/10/24;Medal
2114755174;16/10/2024;MIERCOLES - 16/10/24;Medal
1729019062;15/10/2024;MARTES - 15/10/24;Medal
1728605377;12/10/2024;CIUDAD DE VILLA NUEVA - 12/10/24;Medal
1728057910;5/10/2024;CIUDAD DE VILLA NUEVA - 05/10/24;Four Ball 3/8
1384903014;1/10/2024;MARTES - 01/10/24;Medal
1639986647;28/9/2024;44° DE LAS BOLSAS;Medal
1560435822;26/9/2024;JUEVES - 26/09/24;Medal
798194324;25/9/2024;MIERCOLES - 25/09/24;Medal
1727019408;22/9/2024;DOMINGO - 22/09/24;Medal
377617878;21/9/2024;PRIMAVERA;Medal
774219117;20/9/2024;VIERNES - 20/09/24;Medal
1517671769;19/9/2024;JUEVES - 19/09/24;Medal
346601337;18/9/2024;MIERCOLES - 18/09/24;Medal
1726588830;17/9/2024;MARTES - 17/09/24;Medal
156801863;14/9/2024;HOWARD JHONSON - 14/09/24;Medal
885947400;10/9/2024;DE CAMARADERIA / SENIOR;Medal
1536863396;7/9/2024;PREVIA HOWARD JOHNSON;Medal
1199011154;31/8/2024;LONDON INDUMENTARIA - 31/08/24;Medal
2115152829;24/8/2024;PIERANTONELLI VIAJES Y TURISMO;Medal
1396937379;17/8/2024;DEL CHOCOLATE / EMEPE EXPRESS;Medal
241551827;11/8/2024;DOMINGO - 11/08/24;Medal
520516806;10/8/2024;BIRDIE OPEN - 10/08/24;Medal
1454666563;9/8/2024;VIERNES - 09/08/24;Medal
464348716;8/8/2024;JUEVES - 08/08/24;Medal
655974447;7/8/2024;MIERCOLES - 07/08/24;Medal
1722966960;6/8/2024;MARTES - 06/08/24;Medal
931691248;3/8/2024;DE LAS BOCHAS - 03/08/24;Medal
1886087251;28/7/2024;DOMINGO - 28/07/24;Medal
596041641;27/7/2024;PASEO DE COMPRAS LA BOMBA;Medal
1722006894;26/7/2024;VIERNES - 26/07/24;Medal
1273631236;20/7/2024;DIA DEL AMIGO / BIALYSTOK;Medal
146386242;13/7/2024;VACACIONES - 13/07/24;Medal
755344952;6/7/2024;DE INVIERNO;Medal
1319822448;29/6/2024;LORES DEL GOLF - 29/06/24;Medal
1719422273;26/6/2024;MIERCOLES - 26/06/24;Medal
95976801;19/6/2024;MIERCOLES - 19/06/24;Medal
1400450775;16/6/2024;DOMINGO - 16/06/24;Medal
1636524831;15/6/2024;DIA DEL PADRE;Medal
32852909;8/6/2024;NOVUM / ESTUDIO JURIDICO;Medal
608140080;5/6/2024;MIERCOLES - 05/06/24;Medal
1717523299;4/6/2024;MARTES - 04/06/24;Medal
447444276;1/6/2024;MANAGRO - 01/06/24;Medal
1717257439;31/5/2024;VIERNES - 31/05/24;Medal
1717016162;29/5/2024;SAN JAVIER RESERVAS EN LINEA;Medal
716455549;28/5/2024;MARTES - 28/05/24;Medal
1716927814;28/5/2024;25 DE MAYO / 9 HOYOS;Medal 9 Hoyos- Medal 9 Hoyos
1885483654;24/5/2024;VIERNES - 24/05/24;Medal
1716489305;23/5/2024;JUEVES - 23/05/24;Medal
1716314415;21/5/2024;MARTES - 21/05/24;Medal
1715897662;18/5/2024;DEL CLUB POR PAREJAS MANAGRO;Four Ball 3/8
1715969727;17/5/2024;VIERNES - 17/05/24;Medal
621995679;16/5/2024;JUEVES - 16/05/24;Medal
27382377;15/5/2024;MIERCOLES - 15/05/24;Medal
1715711813;14/5/2024;MARTES - 14/05/24;Medal
512543896;12/5/2024;DOMINGO - 12/05/24;Medal
488380085;11/5/2024;SARMIENTO MATERIALES - 11/05/24;Medal
1715278813;9/5/2024;JUEVES - 09/05/24;Medal
1146509053;7/5/2024;MARTES - 07/05/24;Medal
966490147;4/5/2024;LEGACY - 04/05/24;Medal
980993568;3/5/2024;VIERNES - 03/05/24;Medal
833838259;2/5/2024;JUEVES - 02/05/24;Medal
1714492564;30/4/2024;MARTES - 30/04/24;Medal
283362255;27/4/2024;DE LAS BOCHAS - 27/04/24;Medal
746159276;20/4/2024;LONDON INDUMENTARIA - 20/04/24;Medal
1713110320;14/4/2024;DOMINGO - 14/04/24;Medal
1230982214;2/4/2024;MALVINAS - 02/04/24;Medal
1369629847;23/3/2024;OTOÑO - 23/03/24;Medal
1051052663;22/3/2024;VIERNES - 22/03/24;Medal
2067416552;21/3/2024;JUEVES - 21/03/24;Medal
1742945789;20/3/2024;MIERCOLES - 20/03/24;Medal
1710868029;19/3/2024;MARTES - 19/03/24;Medal
1710520524;16/3/2024;MAZZEO SPORT;Medal
1710087784;10/3/2024;DOMINGO - 10/03/24;Medal
624367746;9/3/2024;FORMULA M / U/18;Medal
110924263;8/3/2024;T. APERTURA FORMULA M;Medal
1709920052;8/3/2024;VIERNES - 08/03/24;Medal
1806521051;24/2/2024;VINICIUS - 24/02/24;Medal
1795075043;17/2/2024;LUCAS GOLF - 17/02/24;Four Ball 3/8
1037392109;13/2/2024;CARNAVAL - 13/02/24;Medal
1707510187;10/2/2024;CIRCUITO DE VERANO 2° FECHA - 10/02/24;Medal
1707236970;6/2/2024;MARTES - 06/02/24;Medal
40973984;3/2/2024;CIRCUITO DE FEBRERO / 1° FECHA;Medal
14087055;27/1/2024;CIRCUITO DE VERANO 4° FECHA - 27/01/24;Medal
2096579389;20/1/2024;CIRCUITO DE VERANO 3° FECHA - 20/01/24;Medal
1705615943;18/1/2024;JUEVES - 18/01/24;Medal
1705096264;13/1/2024;CIRCUITO DE VERANO 2° FECHA - 13/01/24;Medal
1704500217;6/1/2024;CIRCUITO DE VERANO;Medal
1703885186;30/12/2023;FIN DE AÑO;Medal
236500004;23/12/2023;MANGLAR BRAVA;Medal
636092335;16/12/2023;ROENTGEN - 16/12/23;Medal
1702086224;9/12/2023;SCAUSO;Medal
1701972006;8/12/2023;CAMPEONATO DEL CLUB INDIVIDUAL SCAUSO;Medal
1701815390;7/12/2023;SCRATCH DEL CLUB;Medal
812461568;25/11/2023;VENERANDA - 25/11/23;Medal
279303263;22/11/2023;MIERCOLES - 22/11/23;Medal
1618167653;18/11/2023;CAPITAN / PRESIDENTE - 18/11/23;Medal
224552317;17/11/2023;VIERNES - 17/11/23;Medal
1699634152;11/11/2023;BANCO GALICIA - 11/11/23;Medal
1699481066;8/11/2023;MIERCOLES - 08/11/23;Medal
1699038627;4/11/2023;VALFRE;Medal
1698859581;31/10/2023;MARTES - 31/10/23;Medal
1137974771;28/10/2023;2° CAMPEONATO PROVINCIAL INTERCLUBES SENIOR;Medal
1698947762;27/10/2023;VIERNES - 27/10/23;Medal
361216578;26/10/2023;JUEVES - 26/10/23;Medal
1698252165;25/10/2023;MIERCOLES - 25/10/23;Medal
1711584110;21/10/2023;LEGACY - 21/10/23;Medal
1697654895;18/10/2023;MIERCOLES - 18/10/23;Medal
1696607042;7/10/2023;OKTOBERFEST;Medal
827016059;30/9/2023;DE LAS BOLSAS;Medal
1523090442;28/9/2023;JUEVES - 28/09/23;Medal
1695772753;27/9/2023;CIUDAD DE VILLA MARIA;Medal
1584547473;24/9/2023;CLASIFICACION INTERCLUBES SENIOR - 24/09/23;Medal
1695396924;23/9/2023;TIENDA DE VINOS GARDU;Medal
1695327217;21/9/2023;JUEVES - 21/09/23;Medal
1694796711;16/9/2023;LORES DEL GOLF - 16/09/23;Medal
1694293469;10/9/2023;CLASIFICACION INTERCLUBES SENIOR - 10/09/23;Medal
1694190411;9/9/2023;RESTO DEL GOLF / MALDONADO JULIO;Medal
966734235;6/9/2023;MIERCOLES - 06/09/23;Medal
1693584327;2/9/2023;IMPACTO SPORT;Medal
1031837954;26/8/2023;DEL CHOCOLATE;Medal
817523123;20/8/2023;CLASIFICACION INTERCLUBES SENIOR - 20/08/23;Medal
1403967114;19/8/2023;DEL LIBERTADOR - 19/08/23;Medal
1692305283;17/8/2023;JUEVES - 17/08/23;Medal
910597177;16/8/2023;MIERCOLES - 16/08/23;Medal
1691773822;12/8/2023;LUCAS GOLF - 12/08/23;Four Ball 3/8
1691797696;11/8/2023;VIERNES - 11/08/23;Medal
1691697872;10/8/2023;JUEVES - 10/08/23;Medal
1691600659;9/8/2023;MIERCOLES - 09/08/23;Medal
1691277946;6/8/2023;CLASIFICACION INTERCLUBES SENIOR - 06/08/23;Medal
1691170653;5/8/2023;GOLF CHANEL / MANAGRO - 05/08/23;Medal
1690571736;29/7/2023;DE LAS BOCHAS - 29/07/23;Medal
1306313230;22/7/2023;CINDY - 22/07/23;Medal
720754460;16/7/2023;DOMINGO - 16/07/23;Medal
1689356709;15/7/2023;GOLF CHANEL / MANAGRO - 15/07/23;Medal
1666354754;8/7/2023;MV CONSULTING;Medal
1688603467;5/7/2023;MIERCOLES - 05/07/23;Medal
391912871;1/7/2023;HOWARD JHONSON - 01/07/23;Medal
1687894864;27/6/2023;MARTES - 27/06/23;Medal
1687052086;19/6/2023;DIA DE LA BANDERA - 19/06/23;Medal
1686947095;16/6/2023;GOLF CHANEL;Medal
1686685895;13/6/2023;MARTES - 13/06/23;Medal
1287008505;10/6/2023;GRUPO BOTRE;Medal
230978413;8/6/2023;JUEVES - 08/06/23;Medal
1686092034;6/6/2023;MARTES - 06/06/23;Medal
605301241;3/6/2023;RANCO MATERIALES - 03/06/23;Medal
1161016331;31/5/2023;MIERCOLES - 31/05/23;Medal
1685478959;30/5/2023;MARTES - 30/05/23;Medal
737894932;27/5/2023;COPA CIUDAD DE VILLA NUEVA 2° FECHA;Medal
1685119419;26/5/2023;VIERNES - 26/05/23;Medal
56195096;25/5/2023;DIA DE LA PATRIA - 25/05/23;Medal
593546158;12/5/2023;GOLF CHANEL / MANAGRO - 12/05/23;Medal
1683762763;10/5/2023;MIERCOLES - 10/05/23;Medal
2015682944;6/5/2023;SARMIENTO MATERIALES - 06/05/23;Medal
1683214309;4/5/2023;JUEVES - 04/05/23;Medal
1683037037;2/5/2023;DIA DEL TRABAJADOR;Medal
551122522;29/4/2023;LONDON INDUMENTARIA - 29/04/23;Medal
1682452246;25/4/2023;MARTES - 25/04/23;Medal
1682091752;22/4/2023;VANOVA;Medal
1272921984;15/4/2023;COPA CIUDAD DE VILLA NUEVA 1° FECHA;Medal
1681513653;15/4/2023;COPA CIUDAD DE VILLA NUEVA SCRATCH;Medal
1681405236;13/4/2023;JUEVES - 13/04/23;Medal
1680903493;8/4/2023;SABADO / DE PASCUAS;Medal
691606149;7/4/2023;VIERNES - 07/04/23;Medal
1680652605;4/4/2023;MARTES - 04/04/23;Medal
1680369091;1/4/2023;1° FECHA RANKING CLASIFICATORIO GOLF CHANEL;Medal
1302863251;25/3/2023;AMISTAD;Medal
1679606939;24/3/2023;OTOÑO - 24/03/23;Medal
1679092487;18/3/2023;ST.PATRICK¨´S DAY;Medal
1678997118;16/3/2023;JUEVES - 16/03/23;Medal
1678474326;11/3/2023;DIA DE LA MUJER;Medal
440203349;9/3/2023;JUEVES - 09/03/23;Medal
1678302912;8/3/2023;MIERCOLES - 08/03/23;Medal
1677870479;4/3/2023;APERTURA CORMETAL;Medal
1677615325;28/2/2023;MARTES - 28/02/23;Medal
1862550984;25/2/2023;LUCKY LION - 25/02/23;Medal
256911929;23/2/2023;JUEVES - 23/02/23;Medal
1574094603;22/2/2023;MIERCOLES - 22/02/23;Medal
320164912;20/2/2023;CARNAVAL - 20/02/23;Medal
1676660059;18/2/2023;LUCKY LION - 18/02/23;Medal
1676499408;15/2/2023;MIERCOLES - 15/02/23;Medal
1676400123;14/2/2023;MARTES - 14/02/23;Medal
385854979;11/2/2023;LUCKY LION - 11/02/23;Medal
1675990775;9/2/2023;JUEVES - 09/02/23;Medal
1839507671;4/2/2023;LUCKY LION - 04/02/23;Medal
1675011564;29/1/2023;DOMINGO - 29/01/23;Medal
680289813;26/1/2023;JUEVES - 26/01/23;Medal
1674665199;25/1/2023;MIERCOLES - 25/01/23;Medal
2062913341;31/12/2022;AÑO NUEVO - 31/12/22;Medal
1555939825;27/12/2022;MARTES - 27/12/22;Medal
1781729957;21/12/2022;MIERCOLES - 21/12/22;Medal
377137040;17/12/2022;ROENTGEN - 17/12/22;Medal
658028629;13/12/2022;MARTES - 13/12/22;Medal
1424580636;10/12/2022;RAPI LAV QUIMICA;Medal
1670010759;3/12/2022;MULTICARS;Medal
637187752;1/12/2022;JUEVES - 01/12/22;Medal
1669926951;30/11/2022;MIERCOLES - 30/11/22;Medal
521120675;26/11/2022;BIALYSTOK - 26/11/22;Medal
1669155101;22/11/2022;MARTES - 22/11/22;Medal
39121014;21/11/2022;SCAUSO S.R.L - 21/11/22;Medal
1668792281;18/11/2022;VIERNES - 18/11/22;Medal
956180312;17/11/2022;JUEVES - 17/11/22;Medal
1511578263;15/11/2022;MARTES - 15/11/22;Medal
1519768939;12/11/2022;CLASIFICATORIO CARDON CATEGORIAS;Medal
990320873;12/11/2022;CARDON - 12/11/22;Medal
1668102890;10/11/2022;JUEVES - 10/11/22;Medal
816478199;9/11/2022;MIERCOLES - 09/11/22;Medal
448490080;8/11/2022;MARTES - 08/11/22;Medal
530600558;5/11/2022;CORTINADOS PAEZ;Medal
641111978;4/11/2022;VIERNES - 04/11/22;Medal
1379975538;3/11/2022;JUEVES - 03/11/22;Medal
173586552;2/11/2022;MIERCOLES - 02/11/22;Medal
1667336474;1/11/2022;MARTES - 01/11/22;Medal
1666898581;29/10/2022;ULTIMOS 18 HOYOS / SAPUTO;Medal
1666367077;28/10/2022;SAPUTO;Medal
1666295426;20/10/2022;JUEVES - 20/10/22;Medal
1665772327;15/10/2022;BARRA DE LOS JUEVES - 15/10/22;Four Ball 3/8
597022147;13/10/2022;JUEVES - 13/10/22;Medal
1665345188;10/10/2022;T.C.D LUNES 10 DE OCTUBRE;Medal
1664909007;4/10/2022;MARTES - 04/10/22;Medal
646341871;1/10/2022;42° DE LAS BOLSAS;Medal
10832300;24/9/2022;VENERANDA - 24/09/22;Medal
1663346685;17/9/2022;GARDU;Medal
1663273154;15/9/2022;JUEVES - 15/09/22;Medal
1663185128;14/9/2022;MIERCOLES - 14/09/22;Medal
1662737455;10/9/2022;SAN MIGUEL;Medal
1137220553;9/9/2022;VIERNES - 09/09/22;Medal
1950701183;8/9/2022;JUEVES - 08/09/22;Medal
1933730571;7/9/2022;MIERCOLES - 07/09/22;Medal
1662493037;6/9/2022;MARTES - 06/09/22;Medal
1792626621;4/9/2022;LAGUNEADA 2° FECHA;Medal
2127728208;3/9/2022;5° FECHA COPA CIUDAD DE VILLA NUEVA;Medal
1661473969;27/8/2022;MANAGRO - 27/08/22;Medal
1373847185;26/8/2022;VIERNES - 26/08/22;Medal
1372291741;24/8/2022;MIERCOLES - 24/08/22;Medal
77076317;20/8/2022;DE LAS BOCHAS - 20/08/22;Medal
1660766183;17/8/2022;MIERCOLES - 17/08/22;Medal
1660491874;14/8/2022;DOMINGO - 14/08/22;Medal
274692570;13/8/2022;MANAGRO - 13/08/22;Medal
628292501;7/8/2022;DOMINGO - 07/08/22;Medal
1659713348;6/8/2022;4° FECHA CIRCUITO COPA CIUDAD DE VILLA NUEVA;Medal
1659731551;5/8/2022;VIERNES - 05/08/22;Medal
1659640268;4/8/2022;JUEVES - 04/08/22;Medal
1659547850;3/8/2022;MIERCOLES - 03/08/22;Medal
1659134552;30/7/2022;3° FECHA COPA CIUDAD DE VILLA NUEVA;Medal
1659112251;30/7/2022;5° DEL CHOCOLATE;Medal
91671793;29/7/2022;VIERNES - 29/07/22;Medal
1659037230;28/7/2022;JUEVES - 28/07/22;Medal
1658948867;27/7/2022;MIERCOLES - 27/07/22;Medal
1658860144;26/7/2022;MARTES - 26/07/22;Medal
1415456371;23/7/2022;GPO. ASEGURADOR LA SEGUNDA;Medal
1658512188;22/7/2022;VIERNES - 22/07/22;Medal
193074047;17/7/2022;DOMINGO - 17/07/22;Medal
1657926726;16/7/2022;VACACIONES - 16/07/22;Medal
1657918227;15/7/2022;VIERNES - 15/07/22;Medal
925640045;14/7/2022;JUEVES - 14/07/22;Medal
1086718755;13/7/2022;MIERCOLES - 13/07/22;Medal
1657651481;12/7/2022;MARTES - 12/07/22;Medal
1657470269;10/7/2022;DOMINGO - 10/07/22;Medal
411358214;9/7/2022;BARRA DE LOS MIERCOLES - 09/07/22;Medal
1657300025;8/7/2022;VIERNES - 08/07/22;Medal
1657045877;5/7/2022;MARTES - 05/07/22;Medal
1656813627;3/7/2022;DOMINGO - 03/07/22;Medal
1337363249;2/7/2022;SAMARAN SUITES;Medal
1656688877;1/7/2022;VIERNES - 01/07/22;Medal
1656696831;30/6/2022;JUEVES - 30/06/22;Medal
1656434417;28/6/2022;MARTES - 28/06/22;Medal
1975590680;25/6/2022;LORES DEL GOLF - 25/06/22;Medal
1158859887;20/6/2022;DIA DE LA BANDERA - 20/06/22;Medal
905837559;18/6/2022;DOS DE COPAS - 18/06/22;Medal
1655313436;15/6/2022;MIERCOLES - 15/06/22;Medal
2132111218;14/6/2022;MARTES - 14/06/22;Medal
620767553;12/6/2022;DOMINGO - 12/06/22;Medal
1654816467;11/6/2022;2° FECHA COPA CIUDAD DE VILLA NUEVA;Medal
1654800951;9/6/2022;JUEVES - 09/06/22;Medal
1654626888;7/6/2022;MARTES - 07/06/22;Medal
1654275750;4/6/2022;SARMIENTO MATERIALES - 04/06/22;Medal
1654199192;2/6/2022;JUEVES - 02/06/22;Medal
1654110196;1/6/2022;MIERCOLES - 01/06/22;Medal
1653843773;29/5/2022;DOMINGO - 29/05/22;Medal
466489722;28/5/2022;LUCAS GOLF - 28/05/22;Medal
1653410198;25/5/2022;DIA DE LA PATRIA - 25/05/22;Four Ball Americana
1549803064;21/5/2022;1° FECHA COPA CIUDAD DE VILLA NUEVA;Medal
1653062797;20/5/2022;VIERNES - 20/05/22;Medal
1652813481;17/5/2022;MARTES - 17/05/22;Medal
690535753;15/5/2022;DOMINGO - 15/05/22;Medal
972352206;14/5/2022;BANCO GALICIA - 14/05/22;Medal
2102984363;7/5/2022;GRUPO BOTRE TROMEN;Medal
1627329393;6/5/2022;VIERNES - 06/05/22;Medal
800937319;5/5/2022;JUEVES - 05/05/22;Medal
1731201413;4/5/2022;MIERCOLES - 04/05/22;Medal
1651605274;3/5/2022;MARTES - 03/05/22;Medal
902720168;30/4/2022;RANCO MATERIALES - 30/04/22;Medal
327687307;29/4/2022;VIERNES - 29/04/22;Medal
1651084756;28/4/2022;JUEVES - 28/04/22;Medal
1651080587;27/4/2022;MIERCOLES - 27/04/22;Medal
1651001779;26/4/2022;MARTES - 26/04/22;Medal
311191189;23/4/2022;TODO RUEDAS;Medal
335667249;22/4/2022;VIERNES - 22/04/22;Medal
1650556748;21/4/2022;JUEVES - 21/04/22;Medal
1650471430;20/4/2022;MIERCOLES - 20/04/22;Medal
1650384193;19/4/2022;MARTES - 19/04/22;Medal
1650210597;17/4/2022;DOMINGO - 17/04/22;Medal
2054238402;16/4/2022;MEDAL PLAY ITAL;Medal
1649873285;13/4/2022;MIERCOLES - 13/04/22;Medal
1649432006;9/4/2022;CLASIFICATORIO POR PAREJAS ITAL;Four Ball 3/8
1776206470;8/4/2022;VIERNES - 08/04/22;Medal
726769124;7/4/2022;JUEVES - 07/04/22;Medal
1784306592;6/4/2022;MIERCOLES - 06/04/22;Medal
1649173783;5/4/2022;MARTES - 05/04/22;Medal
267639635;2/4/2022;LONDON INDUMENTARIA - 02/04/22;Medal
1648840177;1/4/2022;VIERNES - 01/04/22;Medal
1648661174;30/3/2022;MIERCOLES - 30/03/22;Medal
1196975954;27/3/2022;DOMINGO - 27/03/22;Medal
1974762480;26/3/2022;HOWARD JHONSON - 26/03/22;Medal
1307576823;24/3/2022;DE LA MEMORIA;Medal
1851235381;19/3/2022;COMISION DIRECTIVA - 19/03/22;Medal
316260737;16/3/2022;MIERCOLES - 16/03/22;Medal
1647376466;15/3/2022;MARTES - 15/03/22;Medal
5114263;12/3/2022;MEJORES 18 HOYOS / 5 Y 12 DE MARZO;Medal
1685194488;11/3/2022;PATO PAMPA / 36 HOYOS;Medal
380174482;10/3/2022;JUEVES - 10/03/22;Medal
479324625;9/3/2022;MIERCOLES - 09/03/22;Medal
1646777477;8/3/2022;MARTES - 08/03/22;Medal
1646773981;8/3/2022;DE DAMAS DIA DE LA MUJER;Medal
330624011;28/2/2022;LUNES - 28/02/22;Medal
698408345;26/2/2022;COMISION DIRECTIVA - 26/02/22;Medal
713599736;25/2/2022;VIERNES - 25/02/22;Medal
327772820;22/2/2022;MARTES - 22/02/22;Medal
1696967986;20/2/2022;DOMINGO - 20/02/22;Medal
1645218905;19/2/2022;COMISION DIRECTIVA - 19/02/22;Medal
1645131548;17/2/2022;JUEVES - 17/02/22;Medal
302355902;16/2/2022;MIERCOLES - 16/02/22;Medal
1721877125;15/2/2022;MARTES - 15/02/22;Medal
2056051012;13/2/2022;DOMINGO - 13/02/22;Medal
534324215;12/2/2022;COMISION DIRECTIVA - 12/02/22;Medal
105234620;10/2/2022;JUEVES - 10/02/22;Medal
879374822;9/2/2022;MIERCOLES - 09/02/22;Medal
549372065;8/2/2022;MARTES - 08/02/22;Medal
1440406809;6/2/2022;DOMINGO - 06/02/22;Medal
1081497979;5/2/2022;COMISION DIRECTIVA - 05/02/22;Medal
1737766676;4/2/2022;VIERNES - 04/02/22;Medal
1038865652;3/2/2022;JUEVES - 03/02/22;Medal
1643827792;2/2/2022;MIERCOLES - 02/02/22;Medal
1643739619;1/2/2022;MARTES - 01/02/22;Medal
207362712;29/1/2022;4° FECHA HOUSE FRIEND / PREGO;Medal
1643389146;28/1/2022;VIERNES - 28/01/22;Medal
2098474903;26/1/2022;MIERCOLES - 26/01/22;Medal
1643131867;25/1/2022;MARTES - 25/01/22;Medal
1646000020;22/1/2022;3° FECHA / HOUSE FRIEND / PREGO;Medal
125441496;20/1/2022;JUEVES - 20/01/22;Medal
552623595;19/1/2022;MIERCOLES - 19/01/22;Medal
1344510114;18/1/2022;MARTES - 18/01/22;Medal
587173349;16/1/2022;DOMINGO - 16/01/22;Medal
1048650912;15/1/2022;2° FECHA / HOUSE FRIEND / PREGO;Medal
1641749156;9/1/2022;DOMINGO - 09/01/22;Medal
823956967;8/1/2022;1° FECHA / HOUSE FRIEND / PREGO;Medal
1641571627;7/1/2022;VIERNES - 07/01/22;Medal
1641316989;4/1/2022;MARTES - 04/01/22;Medal
90745717;2/1/2022;COMA / TIENDA DE CONGELADOS;Medal
426958630;31/12/2021;VIERNES - 31/12/21;Medal
1640886043;30/12/2021;JUEVES - 30/12/21;Medal
201478320;29/12/2021;MIERCOLES - 29/12/21;Medal
1640710053;28/12/2021;MARTES - 28/12/21;Medal
1409443040;26/12/2021;NAVIDEÑO;Medal
1640362435;24/12/2021;VIERNES - 24/12/21;Medal
1960712380;23/12/2021;JUEVES - 23/12/21;Medal
1640192301;22/12/2021;MIERCOLES - 22/12/21;Medal
1640119618;21/12/2021;MARTES - 21/12/21;Medal
1862282691;19/12/2021;DOMINGO - 19/12/21;Medal
337177946;18/12/2021;CLAUSURA / ROENTGEN;Medal
971636960;17/12/2021;VIERNES - 17/12/21;Medal
1352457111;16/12/2021;JUEVES - 16/12/21;Medal
1639591988;15/12/2021;MIERCOLES - 15/12/21;Medal
1639503377;14/12/2021;MARTES - 14/12/21;Medal
1639330730;12/12/2021;DOMINGO - 12/12/21;Medal
-278586972;11/12/2021;BARRA DE LOS JUEVES - 11/12/21;Four Ball 3/8
1639156454;10/12/2021;VIERNES - 10/12/21;Medal
2077341252;9/12/2021;JUEVES - 09/12/21;Medal
1091542006;8/12/2021;CAPITAN;Medal
1780731977;7/12/2021;MARTES - 07/12/21;Medal
1324132777;5/12/2021;DOMINGO - 05/12/21;Medal
1532237498;4/12/2021;VENERANDA - 04/12/21;Medal
549482324;3/12/2021;VIERNES - 03/12/21;Medal
217269291;2/12/2021;JUEVES - 02/12/21;Medal
1638382045;1/12/2021;MIERCOLES - 01/12/21;Medal
1638382948;30/11/2021;MARTES - 30/11/21;Medal
885123677;27/11/2021;ITAL - 27/11/21;Medal
628916793;25/11/2021;JUEVES - 25/11/21 - 01;Medal
992090365;25/11/2021;JUEVES - 25/11/21 - 02;Medal
1637711679;24/11/2021;6° FEDERATIVO DE DAMAS 2021;Medal
1587079579;24/11/2021;MIERCOLES - 24/11/21;Medal
1637695577;23/11/2021;MARTES - 23/11/21;Medal
1637597330;22/11/2021;ITAL - 22/11/21;Medal
1637464988;21/11/2021;ITAL PAREJAS;Four Ball 3/8
1719945705;20/11/2021;CAMPEONATO POR PAREJAS / ITAL CAFE - 20/11/21;Four Ball 3/8
564366154;20/11/2021;ITAL - 20/11/21;Medal
1333407708;19/11/2021;VIERNES - 19/11/21;Medal
1637256203;18/11/2021;JUEVES - 18/11/21;Medal
994555582;17/11/2021;MIERCOLES - 17/11/21;Medal
1835794924;16/11/2021;MARTES - 16/11/21;Medal
1636743935;13/11/2021;LORES DEL GOLF - 13/11/21;Medal
1397216000;12/11/2021;VIERNES - 12/11/21;Medal
326514378;11/11/2021;JUEVES - 11/11/21;Medal
1125130680;10/11/2021;MIERCOLES - 10/11/21;Medal
1870858960;9/11/2021;MARTES - 09/11/21;Medal
1636131436;6/11/2021;PAEZ AMOBLAMIENTOS PARA OFICINA;Medal
1723474500;5/11/2021;VIERNES - 05/11/21;Medal
1636043556;4/11/2021;JUEVES - 04/11/21;Medal
1447533876;3/11/2021;MIERCOLES - 03/11/21;Medal
1635887994;2/11/2021;MARTES - 02/11/21;Medal
1635701596;31/10/2021;DOMINGO - 31/10/21;Medal
461454304;30/10/2021;ALDO F BENITO E HIJOS.;Medal
1763828293;29/10/2021;VIERNES - 29/10/21;Medal
1635434725;28/10/2021;JUEVES - 28/10/21;Medal
1635353300;27/10/2021;MIERCOLES - 27/10/21;Medal
1635261876;26/10/2021;MARTES - 26/10/21;Medal
188178548;19/10/2021;MARTES - 19/10/21;Medal
282677166;18/10/2021;LUNES - 18/10/21;Medal
888327951;16/10/2021;ALMA INQUIETA / HOME;Medal
1634310713;15/10/2021;VIERNES - 15/10/21;Medal
1634229974;14/10/2021;JUEVES - 14/10/21;Medal
1634140392;13/10/2021;MIERCOLES - 13/10/21;Medal
1634052351;12/10/2021;MARTES - 12/10/21;Medal
598981646;11/10/2021;SCAUSO S.R.L / FINAL;Medal
33623772;9/10/2021;DEL CLUB CLASIFICATORIO / CATEGORIAS;Medal
1633719951;9/10/2021;DEL CLUB CLASIFICATORIO SCRATCH;Medal
1423172924;9/10/2021;SCAUSO S.R.L - 09/10/21;Medal
540793387;8/10/2021;VIERNES - 08/10/21;Medal
359604508;7/10/2021;JUEVES - 07/10/21;Medal
408482251;6/10/2021;MIERCOLES - 06/10/21;Medal
1633226032;3/10/2021;BOLSAS ULTIMOS 18;Medal
860461494;2/10/2021;41° DE LAS BOLSAS;Medal
802618060;30/9/2021;JUEVES - 30/09/21;Medal
795205214;29/9/2021;MIERCOLES - 29/09/21;Medal
1632848026;28/9/2021;MARTES - 28/09/21;Medal
274957242;27/9/2021;LUCAS GOLF - 27/09/21;Medal
761494144;26/9/2021;DOMINGO - 26/09/21;Medal
1949475877;25/9/2021;TORASSO DECISIONES INMOBILIARIAS;Medal
1997456091;24/9/2021;VIERNES - 24/09/21;Medal
981954817;23/9/2021;JUEVES - 23/09/21;Medal
1752489333;22/9/2021;MIERCOLES - 22/09/21;Medal
1028714290;19/9/2021;DOMINGO - 19/09/21;Medal
887937335;18/9/2021;HOWARD JHONSON - 18/09/21;Medal
232124735;15/9/2021;MIERCOLES - 15/09/21;Medal
1631644305;14/9/2021;MARTES - 14/09/21;Medal
1631462000;12/9/2021;DOMINGO - 12/09/21;Medal
260209156;11/9/2021;DOS DE COPAS - 11/09/21;Medal
1996120633;10/9/2021;VIERNES - 10/09/21;Medal
725022610;8/9/2021;MIERCOLES - 08/09/21;Medal
1929588674;7/9/2021;MARTES - 07/09/21;Medal
1630807619;5/9/2021;COMISION DIRECTIVA - 05/09/21;Medal
640831453;4/9/2021;PREGO;Medal
1698236818;3/9/2021;VIERNES - 03/09/21;Medal
517713939;1/9/2021;MIERCOLES - 01/09/21;Medal
2022308061;31/8/2021;MARTES - 31/08/21;Medal
1812701427;28/8/2021;BELLO EXPORT TECHTONE;Medal
91516604;27/8/2021;VIERNES - 27/08/21;Medal
1261525009;26/8/2021;JUEVES - 26/08/21;Medal
1124341411;25/8/2021;MIERCOLES - 25/08/21;Medal
1543345657;24/8/2021;MARTES - 24/08/21;Medal
574806827;21/8/2021;CARDON - 21/08/21;Medal
1629394557;19/8/2021;JUEVES - 19/08/21;Medal
399743252;18/8/2021;MIERCOLES - 18/08/21;Medal
1067906521;16/8/2021;LUNES - 16/08/21;Medal
1042665149;15/8/2021;DOMINGO - 15/08/21;Medal
770181863;14/8/2021;SABADO - 14/08/21;Medal
853569341;13/8/2021;VIERNES - 13/08/21;Medal
1628784681;12/8/2021;JUEVES - 12/08/21;Medal
933850375;11/8/2021;MIERCOLES - 11/08/21;Medal
643745211;10/8/2021;MARTES - 10/08/21;Medal
1628439379;8/8/2021;DOMINGO - 08/08/21;Medal
467848942;7/8/2021;SABADO - 07/08/21;Medal
1762359072;5/8/2021;JUEVES - 05/08/21;Medal
1041481331;4/8/2021;MIERCOLES - 04/08/21;Medal
586103521;3/8/2021;MARTES - 03/08/21;Medal
1109570322;1/8/2021;DOMINGO - 01/08/21;Medal
1197360230;31/7/2021;SABADO - 31/07/21;Medal
662328851;30/7/2021;VIERNES - 30/07/21;Medal
508108731;29/7/2021;JUEVES - 29/07/21;Medal
1627494627;28/7/2021;MIERCOLES - 28/07/21;Medal
2106245435;27/7/2021;MARTES - 27/07/21;Medal
149839473;25/7/2021;DOMINGO - 25/07/21;Medal
852368633;24/7/2021;SABADO - 24/07/21;Medal
1627055064;23/7/2021;VIERNES - 23/07/21;Medal
604859225;22/7/2021;JUEVES - 22/07/21;Medal
1626800597;20/7/2021;MARTES - 20/07/21;Medal
1626625389;18/7/2021;DOMINGO - 18/07/21;Medal
1791555322;17/7/2021;SABADO - 17/07/21;Medal
1626366366;15/7/2021;JUEVES - 15/07/21;Medal
1626282154;14/7/2021;MIERCOLES - 14/07/21;Medal
1626194841;13/7/2021;MARTES - 13/07/21;Medal
1625867296;10/7/2021;SABADO - 10/07/21;Medal
1348661508;9/7/2021;VIERNES - 09/07/21;Medal
126523714;7/7/2021;MIERCOLES - 07/07/21;Medal
1805647028;6/7/2021;MARTES - 06/07/21;Medal
919646711;3/7/2021;SABADO - 03/07/21;Medal
718153502;2/7/2021;VIERNES - 02/07/21;Medal
1625155192;1/7/2021;JUEVES - 01/07/21;Medal
149556431;30/6/2021;MIERCOLES - 30/06/21;Medal
1624641085;27/6/2021;DOMINGO - 27/06/21;Medal
1624638300;26/6/2021;SABADO - 26/06/21;Medal
1622823403;4/6/2021;VIERNES - 04/06/21;Medal
1622735650;3/6/2021;JUEVES - 03/06/21;Medal
1622648945;2/6/2021;MIERCOLES - 02/06/21;Medal
2051331826;1/6/2021;MARTES - 01/06/21;Medal
1621530796;20/5/2021;JUEVES - 20/05/21;Medal
170000084;19/5/2021;MIERCOLES - 19/05/21;Medal
1147496767;18/5/2021;MARTES - 18/05/21;Medal
1621013900;15/5/2021;SABADO - 15/05/21;Medal
1135452502;14/5/2021;VIERNES - 14/05/21;Medal
742336544;13/5/2021;JUEVES - 13/05/21;Medal
1620838451;12/5/2021;MIERCOLES - 12/05/21;Medal
1620752009;11/5/2021;MARTES - 11/05/21;Medal
1620573856;9/5/2021;DOMINGO - 09/05/21;Medal
1620415847;8/5/2021;SABADO - 08/05/21;Medal
1732704031;7/5/2021;VIERNES - 07/05/21;Medal
169163835;5/5/2021;MIERCOLES - 05/05/21;Medal
1619886481;1/5/2021;SABADO - 01/05/21;Medal
1619209526;24/4/2021;RESTO BAR;Medal
1618611969;17/4/2021;LONDON INDUMENTARIA - 17/04/21;Medal
1617985395;10/4/2021;VINICIUS - 10/04/21;Medal
1623486100;3/4/2021;DE PASCUAS / 2° FECHA;Medal
1617314227;2/4/2021;DE PASCUAS - 02/04/21;Medal
1616788055;27/3/2021;BENSINI ESTETICA VEHICULAR;Medal
1616516073;24/3/2021;HOWARD JHONSON - 24/03/21;Four Ball Americana
1616180232;20/3/2021;PATO PAMPA / ULTIMOS 18 HOYOS;Medal
1615494025;19/3/2021;APERTURA PATO PAMPA;Medal
1614965800;6/3/2021;PRE APERTURA / MUNICIPALIDAD VILLA MARIA;Medal
1614368101;27/2/2021;CIRCUITO DE VERADO - 27/02/21;Medal
1613766781;20/2/2021;CIRCUITO DE VERADO - 20/02/21;Medal
1613437978;16/2/2021;COMISION DIRECTIVA - 16/02/21;Medal
1613262275;15/2/2021;CARNAVAL / EL CID HOTEL & SPA;Medal
1613162422;13/2/2021;CIRCUITO DE VERADO - 13/02/21;Medal
192229859;6/2/2021;CIRCUITO DE VERADO - 06/02/21;Medal
1611349480;23/1/2021;CIRCUITO DE VERANO 4° FECHA - 23/01/21;Medal
1610745238;16/1/2021;CIRCUITO DE VERANO 3° FECHA - 16/01/21;Medal
1610126332;9/1/2021;CIRCUITO DE VERANO 2° FECHA - 09/01/21;Medal
1609438134;2/1/2021;CIRCUITO DE VERANO 1° FECHA;Medal
1608828653;26/12/2020;SABADO - 26/12/20;Medal
1608314338;19/12/2020;ITAL - 19/12/20;Medal
1557974372;8/12/2020;MARTES - 08/12/20;Medal
1995446706;7/12/2020;LUNES - 07/12/20;Medal
1607102202;5/12/2020;SCAUSO S.R.L - 05/12/20;Medal
-883511206;29/11/2020;DOMINGO - 29/11/20;Four Ball 3/8
-1826985629;28/11/2020;CAMPEONATO POR PAREJAS / ITAL CAFE - 28/11/20;Four Ball 3/8
380422017;23/11/2020;LUNES - 23/11/20;Medal
1390213038;21/11/2020;CLASIFICATORIO INDIVIDUAL;Medal
1605899648;21/11/2020;SABADO - 21/11/20;Medal
1605300380;14/11/2020;SABADO - 14/11/20;Medal
1604691992;7/11/2020;SABADO - 07/11/20;Medal
1604084219;31/10/2020;SABADO - 31/10/20;Medal
1603478482;24/10/2020;SABADO - 24/10/20;Medal
1602873773;17/10/2020;SABADO - 17/10/20;Medal
1602268927;10/10/2020;SABADO - 10/10/20;Medal
1601662668;3/10/2020;SABADO - 03/10/20;Medal
1601059145;26/9/2020;SABADO - 26/09/20;Medal
1600455711;19/9/2020;SABADO - 19/09/20;Medal
1599851069;12/9/2020;SABADO - 12/09/20;Medal
1708302003;5/9/2020;SABADO - 05/09/20;Medal
1598642045;29/8/2020;SABADO - 29/08/20;Medal
1598037109;22/8/2020;SABADO - 22/08/20;Medal
988501057;17/8/2020;LUNES - 17/08/20;Medal
936684860;15/8/2020;SABADO - 15/08/20;Medal
184955376;8/8/2020;SABADO - 08/08/20;Medal
